gateway_id,feature,lat,lon
004A026B,rssi_004A026B,50.844898,4.132583
080605EE,rssi_080605EE,51.218719,4.459902
08060622,rssi_08060622,51.217793,4.426748
08060716,rssi_08060716,51.205795,4.398465
080E00B9,rssi_080E00B9,51.195141,4.419717
080E0116,rssi_080E0116,51.194767,4.380632
080E0149,rssi_080E0149,51.250458,4.419384
FF01031C,rssi_FF01031C,51.226669,4.106431
FF01052A,rssi_FF01052A,51.241821,4.449746
FF010560,rssi_FF010560,51.245152,4.385107
FF010581,rssi_FF010581,51.283428,4.384657
FF010595,rssi_FF010595,51.223225,4.407838
FF0105B5,rssi_FF0105B5,51.139679,4.594095
FF0105C2,rssi_FF0105C2,51.322235,4.315572
FF0105CB,rssi_FF0105CB,51.194866,4.33333
FF010603,rssi_FF010603,51.13298,4.339783
FF010605,rssi_FF010605,51.199253,4.498773
FF01060B,rssi_FF01060B,51.273636,4.32128
FF010628,rssi_FF010628,51.264114,4.406816
FF010639,rssi_FF010639,51.241581,4.490818
FF010667,rssi_FF010667,51.218185,4.370775
FF010714,rssi_FF010714,51.188213,4.450321
FF010719,rssi_FF010719,51.248268,4.32423
FF010721,rssi_FF010721,51.263577,4.388527
FF01072B,rssi_FF01072B,51.195278,4.426771
FF010739,rssi_FF010739,51.203987,4.440966
FF0107BB,rssi_FF0107BB,51.251724,4.214437
FF0107C9,rssi_FF0107C9,51.219257,4.413227
FF01085B,rssi_FF01085B,51.221184,4.423655
FF010877,rssi_FF010877,51.17691,4.441903
FF010894,rssi_FF010894,51.289127,4.48744
FF0108A3,rssi_FF0108A3,51.218227,4.40096
FF010930,rssi_FF010930,51.319191,4.261789
FF010957,rssi_FF010957,51.213299,4.333237
FF01099B,rssi_FF01099B,51.206875,4.333922
FF010EFE,rssi_FF010EFE,51.223267,4.478827
FF01753E,rssi_FF01753E,51.197487,4.406706
FF017649,rssi_FF017649,51.202755,4.467505
FF0178DF,rssi_FF0178DF,51.2019,4.395436
